config,predictor,ipc,cpi,epi,mpi,dpi,ppi,throughput,p1_latency,p2_latency
bimodal,bimodal<>,5.219207,0.097245,678.000000,0.010805,0.002326,0.178572,5.599982,1,1
gshare,gshare<>,5.207493,0.075960,762.000000,0.007596,0.004019,0.175633,5.693691,1,2
bimodeL,"bimodeL<8,12,10,2,4>",4.798395,0.089410,428.000000,0.008941,0.006821,0.175652,5.693075,1,2
bimode,bimode<>,0.976425,0.080658,174.000000,0.008962,0.000000,1.000000,1.000000,1,1
