config,predictor,ipc,cpi,epi,mpi,dpi,ppi,p1_latency,p2_latency
tage,tage<>,3.333333,1.000000,2437.000000,0.100000,0.000000,0.200000,1,2
gshare,gshare<>,3.333333,1.000000,1262.000000,0.100000,0.000000,0.200000,1,2
bimodal,bimodal<>,3.333333,0.900000,1106.000000,0.100000,0.000000,0.200000,1,1
perceptron,perceptron<>,1.666667,1.000000,2827.000000,0.100000,0.100000,0.300000,0,2
lxor_8_6,"lxor<8,6>",0.833333,0.900000,262.000000,0.100000,0.000000,1.000000,0,1
lxor_10_8,lxor<>,0.833333,1.000000,553.000000,0.100000,0.000000,1.000000,0,2
lxor_12_10,"lxor<12,10>",0.833333,1.200000,1678.000000,0.100000,0.000000,1.000000,0,4
