config,predictor,ipc,cpi,epi,mpi,dpi,ppi,throughput,p1_latency,p2_latency
bimodal,bimodal<>,4.743833,0.245700,660.000000,0.027300,0.014200,0.169600,5.896226,1,1
perceptron,perceptron<>,4.275331,0.268000,1090.000000,0.026800,0.037300,0.122700,8.149959,0,2
gshare,gshare<>,4.273504,0.336000,731.000000,0.033600,0.018800,0.162800,6.142506,1,2
tage,tage<>,4.177109,0.252000,1421.000000,0.025200,0.021100,0.168200,5.945303,1,2
lxor_8_6,"lxor<8,6>",0.905469,0.374400,240.000000,0.041600,0.031500,1.000000,1.000000,0,1
lxor_10_8,lxor<>,0.887469,0.413000,506.000000,0.041300,0.030100,1.000000,1.000000,0,2
lxor_12_10,"lxor<12,10>",0.846453,0.488400,1537.000000,0.040700,0.029100,1.000000,1.000000,0,4
